<log4net>
	<!-- A1 is set to be a ConsoleAppender -->
	<appender name="A1" type="log4net.Appender.ConsoleAppender">
	<!-- A1 uses PatternLayout -->
	<layout type="log4net.Layout.PatternLayout">
		<conversionPattern value="%-4timestamp [%thread] %-5level %logger %ndc - %message%newline" />
		<!--conversionPattern value="%-5level %logger %ndc - %message%newline" /-->
	</layout>
	</appender>
	<appender name="FileAppender" type="log4net.Appender.FileAppender">
	<file value="ESYA_API.log" />
	<appendToFile value="false" />
	<lockingModel type="log4net.Appender.FileAppender+MinimalLock" />
	<layout type="log4net.Layout.PatternLayout">
	<!--conversionPattern value=" %level %logger %ndc -%message%newline" /-->
	<conversionPattern value="%-4timestamp [%thread] %-5level %logger %ndc - %message%newline" />
	</layout>
	</appender>
	<!-- Set root logger level to DEBUG and its only appender to A1 -->
	<root>
	<level value="ALL" />
	<appender-ref ref="FileAppender" />
	<appender-ref ref="A1" />
	</root>
</log4net>